# Arquivo 27/09/2026 (dono: «pode tirar»): stories interativos e reels só de roteiro do lote manual de jul/ago, sem mídia publicável (ou ID repetido), datas passadas; fora do calendário ativo do publicador. Artes em src/ continuam.
ID,Data,Dia,Horario,Fuso,Canal,Formato,Pilar,Titulo,Objetivo_CTA,Publico,Funil,CTA,KPI,Arquivo_arte,Status,Dependencia,Responsavel,Janela
PUB-S01,22/07/2026,Quarta-feira,19:00,America/Sao_Paulo,Story,Story 9:16,Margem Programável,Enquete: você sabe o que é take rate?,Salve o glossário no feed,Audiência,Consideração,Salve o glossário no feed,Saves,src/PUB-S01/assets/PUB-S01_p01_story.jpg,Pronto,-,Social/Design,RECOMMENDED_INITIAL_TEST_WINDOW
PUB-S06,23/07/2026,Quinta-feira,08:30,America/Sao_Paulo,Story,Story 9:16,Margem Programável,Introdução ao glossário,Toque para ver,Audiência,Consideração,Toque para ver,Saves,src/PUB-S06/assets/PUB-S06_p01_story.jpg,Pronto,-,Social/Design,RECOMMENDED_INITIAL_TEST_WINDOW
PUB-R03,24/07/2026,Sexta-feira,19:00,America/Sao_Paulo,Reel,Reel 9:16,Infraestrutura,O que é infraestrutura de monetização,Assista,Audiência,Descoberta,Assista,Alcance,src/PUB-R03/assets/PUB-R03_p01_story.jpg,Pronto,-,Social/Design,RECOMMENDED_INITIAL_TEST_WINDOW
PUB-S11,25/07/2026,Sábado,08:30,America/Sao_Paulo,Story,Story 9:16,Infraestrutura,Reforço: operação em tempo real,Saiba mais,Audiência,Consideração,Saiba mais,Saves,src/PUB-S11/assets/PUB-S11_p01_story.jpg,Pronto,-,Social/Design,RECOMMENDED_INITIAL_TEST_WINDOW
PUB-S02,26/07/2026,Domingo,12:30,America/Sao_Paulo,Story,Story 9:16,Margem Programável,Caixa de perguntas sobre margem,Manda sua pergunta,Audiência,Relacionamento,Manda sua pergunta,Interações,src/PUB-S02/assets/PUB-S02_p01_story.jpg,Pronto,-,Social/Design,RECOMMENDED_INITIAL_TEST_WINDOW
PUB-S03,27/07/2026,Segunda-feira,08:30,America/Sao_Paulo,Story,Story 9:16,O Licenciado,Enquete: TPV ou take rate?,Veja o glossário,Audiência,Consideração,Veja o glossário,Saves,src/PUB-S03/assets/PUB-S03_p01_story.jpg,Pronto,-,Social/Design,RECOMMENDED_INITIAL_TEST_WINDOW
PUB-S07,29/07/2026,Quarta-feira,19:00,America/Sao_Paulo,Story,Story 9:16,Quanto Sobra,Quanto sobra: mito x fato,Fale com a SE7EN PAY,Audiência,Consideração,Fale com a SE7EN PAY,Saves,src/PUB-S07/assets/PUB-S07_p01_story.jpg,Pronto,-,Social/Design,RECOMMENDED_INITIAL_TEST_WINDOW
PUB-S09,30/07/2026,Quinta-feira,08:30,America/Sao_Paulo,Story,Story 9:16,Margem Programável,Enquete: você conhece o vocabulário?,Veja o glossário,Audiência,Consideração,Veja o glossário,Saves,src/PUB-S09/assets/PUB-S09_p01_story.jpg,Pronto,-,Social/Design,RECOMMENDED_INITIAL_TEST_WINDOW
PUB-R02,31/07/2026,Sexta-feira,19:00,America/Sao_Paulo,Reel,Reel 9:16,Margem Programável,Take rate em 40 segundos,Assista,Audiência,Descoberta,Assista,Alcance,src/PUB-R02/assets/PUB-R02_p01_story.jpg,Pronto,-,Social/Design,RECOMMENDED_INITIAL_TEST_WINDOW
PUB-S04,01/08/2026,Sábado,08:30,America/Sao_Paulo,Story,Story 9:16,Margem Programável,Quiz: o que é markup?,Salve o glossário,Audiência,Consideração,Salve o glossário,Saves,src/PUB-S04/assets/PUB-S04_p01_story.jpg,Pronto,-,Social/Design,RECOMMENDED_INITIAL_TEST_WINDOW
PUB-S10,03/08/2026,Segunda-feira,08:30,America/Sao_Paulo,Story,Story 9:16,Gente SE7EN,Bastidor: um dia na operação,Acompanhe,Audiência,Relacionamento,Acompanhe,Interações,src/PUB-S10/assets/PUB-S10_p01_story.jpg,Pronto (arte) · foto recomendada,Foto/vídeo oficial de bastidor,Social/Design,RECOMMENDED_INITIAL_TEST_WINDOW
PUB-S12,05/08/2026,Quarta-feira,19:00,America/Sao_Paulo,Story,Story 9:16,Margem Programável,Educação: o que é arranjo?,Salve o glossário,Audiência,Consideração,Salve o glossário,Saves,src/PUB-S12/assets/PUB-S12_p01_story.jpg,Pronto,-,Social/Design,RECOMMENDED_INITIAL_TEST_WINDOW
PUB-S08,06/08/2026,Quinta-feira,08:30,America/Sao_Paulo,Story,Story 9:16,Relacionamento,Fale com a SE7EN,Fale com a SE7EN PAY,Audiência,Decisão,Fale com a SE7EN PAY,Cliques/leads,src/PUB-S08/assets/PUB-S08_p01_story.jpg,Pronto,-,Social/Design,RECOMMENDED_INITIAL_TEST_WINDOW
PUB-R01,07/08/2026,Sexta-feira,19:00,America/Sao_Paulo,Reel,Reel 9:16,Quanto Sobra,Mito x fato: margem operacional,Assista,Audiência,Descoberta,Assista,Alcance,src/PUB-R01/assets/PUB-R01_p01_story.jpg,Pronto (capa+storyboard) · gravação pendente,Gravação/foto oficial,Social/Design,RECOMMENDED_INITIAL_TEST_WINDOW
PUB-S05,09/08/2026,Domingo,08:30,America/Sao_Paulo,Story,Story 9:16,Confiança & Segurança,3 sinais de golpe,Salve e compartilhe,Audiência,Confiança,Salve e compartilhe,Saves,src/PUB-S05/assets/PUB-S05_p01_story.jpg,Pronto,-,Social/Design,RECOMMENDED_INITIAL_TEST_WINDOW
PUB-R06,10/08/2026,Segunda-feira,12:30,America/Sao_Paulo,Reel,Reel 9:16,Margem Programável,"Glossário rápido: EC, LA, TPV",Assista,Audiência,Descoberta,Assista,Alcance,src/PUB-R06/assets/PUB-R06_p01_story.jpg,Pronto,-,Social/Design,RECOMMENDED_INITIAL_TEST_WINDOW
PUB-R04,14/08/2026,Sexta-feira,19:00,America/Sao_Paulo,Reel,Reel 9:16,Confiança & Segurança,3 sinais de golpe,Assista,Audiência,Descoberta,Assista,Alcance,src/PUB-R04/assets/PUB-R04_p01_story.jpg,Pronto,-,Social/Design,RECOMMENDED_INITIAL_TEST_WINDOW
PUB-R05,17/08/2026,Segunda-feira,12:30,America/Sao_Paulo,Reel,Reel 9:16,Gente SE7EN,Quem opera a SE7EN,Assista,Audiência,Descoberta,Assista,Alcance,src/PUB-R05/assets/PUB-R05_p01_story.jpg,Pronto (capa+storyboard) · gravação pendente,Gravação/foto oficial,Social/Design,RECOMMENDED_INITIAL_TEST_WINDOW
PUB-S05,19/08/2026,Quarta-feira,08:30,America/Sao_Paulo,Story,Story 9:16,Confiança & Segurança,3 sinais de golpe,Salve e compartilhe,Audiência,Confiança,Salve e compartilhe,Saves,src/PUB-S05/assets/PUB-S05_p01_story.jpg,Pronto,-,Social/Design,RECOMMENDED_INITIAL_TEST_WINDOW
